number,name,region,club,champion
1,Jean Dupont,Southeast,Atlanta PC,yes
2,André Moreau,Northeast,Boston BC,yes
3,Paul Lefevre,Florida,Miami PC,yes
4,Marie Laurent,Midwest,Chicago PC,
5,Hélène Petit,West,Portland PC,
6,Chantal Girard,Southwest,Austin PC,
7,Pierre Martin,Southeast,Atlanta PC,
8,Jacques Leroy,Northeast,Boston BC,
9,Robert Simon,Florida,Miami PC,
10,Sophie Bernard,Midwest,Chicago PC,
11,Anne Dubois,West,Portland PC,
12,Véronique Blanc,Southwest,Austin PC,
13,Lucas Moreau,Southeast,Atlanta PC,
14,Thomas Girard,Northeast,Boston BC,
15,David Faure,Florida,Miami PC,
16,Emma Lefevre,Midwest,Chicago PC,
17,Julie Simon,West,Portland PC,
18,Laure Mercier,Southwest,Austin PC,
19,Antoine Girard,Southeast,Atlanta PC,
20,Nicolas Blanc,Northeast,Boston BC,
21,Frédéric Lambert,Florida,Miami PC,
22,Claire Rousseau,Midwest,Chicago PC,
23,Céline Faure,West,Portland PC,
24,Marguerite Roux,Southwest,Austin PC,
